model,accuracy,precision,recall,f1,roc_auc
logistic_regression,0.3333333333333333,0.3333333333333333,1.0,0.5,0.5
svm_rbf,0.3333333333333333,0.3333333333333333,1.0,0.5,0.5
nb_tfidf,0.3333333333333333,0.3333333333333333,1.0,0.5,0.5
